"name","latitude","longitude","closest_lmp","closest_distance"
"Adelanto",34.582769,-117.409214,"ROADWAY_1_N001",2085.77492880317
"Agoura Hills",34.153339,-118.761675,"MOORPARK_2_B1",18998.3376913712
"Alameda",37.765206,-122.241636,"JENNY_1_N001",1701.83802904124
"Albany",37.886869,-122.297747,"ELCRRTO_1_N001",3271.1039160707
"Alhambra",34.095286,-118.127014,"MESACAL_6_N001",6621.28157299131
"Aliso Viejo",33.575,-117.725556,"TRABUCO_1_N001",5323.35467912585
"Alturas",41.487114,-120.542456,"MALIN_5_N101",86937.7374602757
"Amador City",38.419356,-120.824103,"AMFORST_6_N001",5966.235381598
"American Canyon",38.174917,-122.260803,"PARKWAY_2_N001",1092.43460704484
"Anaheim",33.835292,-117.914503,"ANAHEIMG_7_B1",2846.12360298748
"Anderson",40.448208,-122.297783,"ANDERSON_6_N001",1049.9943197383
"Angels",38.067783,-120.538531,"FROGTOWN_7_N001",1461.73025741582
"Antioch",38.004922,-121.805789,"PRAXAIR_1_B1",660.796735441534
"Arcadia",34.139728,-118.035344,"RIOHONDO_6_N001",6326.5579793828
"Arcata",40.866517,-124.082839,"ARCATA_6_N001",606.320898335316
"Arroyo Grande",35.118586,-120.590725,"OCEANO_1_N001",2108.45440480182
"Artesia",33.865847,-118.083122,"DELAMO_2_N001",2499.97245339592
"Arvin",35.2018,-118.833106,"ARVINED_1_N001",7137.64071884443
"Atascadero",35.489417,-120.670725,"ATASCDRO_6_N001",2685.49651057918
"Atwater",37.347717,-120.609083,"ATWATER_1_B2",1369.74289967181
"Auburn",38.896564,-121.076889,"AUBURN_6_N001",967.100727978934
"Avalon",33.342819,-118.328228,"HUNT1G_7_B1",46742.4639691727
"Avenal",36.004122,-120.129028,"KETTLEMN_6_N001",4768.67285991805
"Azusa",34.133619,-117.907564,"RIOHONDO_6_N001",7344.86974980616
"Bakersfield",35.373292,-119.018711,"PSE-BEAR_7_B1",1737.51136394893
"Baldwin Park",34.085286,-117.960897,"RIOHONDO_6_N001",2910.2564139544
"Banning",33.925572,-116.876411,"BANNING_1_N001",695.237645994855
"Barstow",34.895797,-117.017283,"TORTILLA_1_N007",4564.66536590398
"Beaumont",33.929461,-116.977247,"BANNING_1_N001",9938.26509663605
"Bell",33.977514,-118.187017,"LAGUBELL_6_N001",3421.88299974635
"Bell Gardens",33.965292,-118.151458,"LAGUBELL_6_N001",1188.52374903535
"Bellflower",33.881683,-118.117011,"DELAMO_2_N001",4035.14969835664
"Belmont",37.520214,-122.2758,"BELMONT_1_N001",1436.65819895003
"Belvedere",37.872703,-122.464417,"SAUSALTO_6_N001",3294.00946174691
"Berkeley",37.871592,-122.272747,"HILLSIDE_1_N004",3025.8559019478
"Beverly Hills",34.073619,-118.400356,"LCIENEGA_6_N001",8320.82680491949
"Big Bear Lake",34.243897,-116.911422,"PERMNNTE_6_N002",13324.3455983105
"Biggs",39.412389,-121.71275,"PEACHTON_6_N004",4249.94157113618
"Bishop",37.363539,-118.395111,"CONTROLX_1_N002",7017.48708369905
"Blue Lake",40.882908,-123.98395,"BLUELKE_6_N001",456.325504903666
"Blythe",33.617233,-114.589175,"BLYTHE_1_N101",8423.42158870766
"Bradbury",34.14695,-117.970897,"RIOHONDO_6_N001",4624.12347917392
"Brawley",32.978658,-115.530267,"ELCENTRO_2_N001",19908.9171583675
"Brea",33.916681,-117.900061,"OLINDA_6_N001",3757.20282417116
"Brentwood",34.057361,-118.480511,"GONDER_2_N501",5049.7834531684
"Brisbane",37.680767,-122.399972,"UALTAP_1_B1",2133.18633266555
"Buellton",34.613597,-120.19265,"BUELLTON_1_N003",1325.19810621743
"Buena Park",33.867514,-117.998117,"BARRE_6_N001",6714.92215279857
"Burbank",34.180839,-118.308967,"GOULD_2_N001",11851.5689627284
"Burlingame",37.584103,-122.366083,"BURLNGME_1_N001",813.872459795192
"Calabasas",34.138333,-118.660833,"MONA_3_N501",14675.7688670501
"Calexico",32.678947,-115.498883,"ELCENTRO_2_N001",14014.7463571521
"California City",35.1258,-117.985903,"EDWARDS_1_N001",17278.5136171775
"Calimesa",34.003903,-117.061975,"MTVIEW_1_N005",18437.0564641262
"Calipatria",33.125597,-115.514153,"ELCENTRO_2_N001",36325.5979488855
"Calistoga",38.578797,-122.579706,"CALISTGA_6_N001",1547.88630281612
"Camarillo",34.216394,-119.037603,"ORMOND2G_7_B1",13342.9934482825
"Campbell",37.287164,-121.949958,"ELPATIO_1_N001",1045.0161278071
"Canyon Lake",33.685022,-117.273092,"VALLEYSC_1_N001",12035.1609644866
"Capitola",36.975228,-121.953292,"PAULSWT_1_N001",3041.72138422064
"Carlsbad",33.158092,-117.350594,"ENCINA1_7_B1",2547.12313720904
"Carmel-By-the-Sea",36.555239,-121.923289,"HATTON_6_N001",2089.74326683742
"Carpinteria",34.398883,-119.518456,"WILLAMET_7_B1",32097.2532458119
"Carson",33.831406,-118.282017,"ARCO1G_7_B1",4182.6666330914
"Cathedral City",33.779742,-116.465292,"TAMARISK_1_N001",4413.76841687998
"Ceres",37.594933,-120.957711,"RIVRBANK_1_N001",19816.8319511098
"Cerritos",33.858347,-118.064786,"DELAMO_2_N001",3442.19640317124
"Chico",39.728494,-121.837478,"CHICOB_1_N002",1122.6915874757
"Chino",34.012236,-117.688944,"CHINO_6_N007",1747.4285773781
"Chino Hills",33.989819,-117.732586,"CHINO_6_N007",4946.50538877207
"Chowchilla",37.123,-120.260175,"CHWCHLLA_1_N001",935.758706517491
"Chula Vista",32.640053,-117.084197,"MONTGMRY_6_N001",1755.02056024356
"Citrus Heights",38.707125,-121.281061,"ROCKLIN_6_N001",10035.2155762832
"Claremont",34.096675,-117.719778,"PADUA_6_N008",7805.56072491506
"Clayton",37.941033,-121.935792,"CLAYTN_1_N004",3018.86825205286
"Clearlake",38.958231,-122.626372,"HIGHLD_1_N006",2717.78066143589
"Cloverdale",38.805461,-123.017222,"CLOVRDLE_1_N001",1244.65449957368
"Clovis",36.825228,-119.702919,"CLOVIS_1_N001",2044.05502791935
"Coachella",33.6803,-116.173894,"INDIANW_1_N001",19290.8973418154
"Coalinga",36.139678,-120.36015,"COLNGA1_6_N001",1857.21202031116
"Colfax",39.100731,-120.953275,"SHADYGLN_6_N001",1624.37299079487
"Colton",34.073903,-117.313656,"VSTA_6_N008",3665.2166486211
"Colusa",39.214333,-122.009417,"COLUSA_6_N001",816.2978715821
"Commerce",34.000569,-118.159792,"LAGUBELL_2_B1",2461.64552331894
"Compton",33.89585,-118.220072,"ICEGEN_7_B1",4078.26617981446
"Concord",37.977978,-122.031072,"MEDWLNE_1_N001",2345.65983676716
"Corcoran",37.977978,-122.031072,"MEDWLNE_1_N001",2345.65983676716
"Corning",39.927658,-122.179156,"CORNING_6_N004",1044.27400188167
"Corona",33.875294,-117.566439,"MIRALOMA_6_N007",14364.6473700656
"Coronado",32.685886,-117.183089,"NOISLMTR_6_N009",1860.96792629903
"Costa Mesa",33.641133,-117.918669,"HUNT1G_7_N002",3832.49776260991
"Cotati",38.327778,-122.709167,"NCPA2GY2_7_N001",2559.02298817584
"Covina",34.090008,-117.890339,"RIOHONDO_6_N001",8456.97302632708
"Crescent City",41.755947,-124.201747,"ORICK_6_N001",52708.8991142074
"Cudahy",33.960569,-118.18535,"LAGUBELL_6_N001",3682.89464439542
"Culver City",34.021122,-118.396467,"LCIENEGA_6_N001",2725.18247550138
"Cupertino",37.322997,-122.032183,"STELLING_1_N001",1604.36794797677
"Cypress",37.320531,-121.962242,"ELPATIO_1_N001",3718.19099507033
"Daly City",37.687925,-122.470208,"DALYCTY_1_N001",992.576733672028
"Dana Point",33.466972,-117.698108,"LAGNANL_1_N001",3113.88982655733
"Davis",38.544906,-121.740517,"PLAINFLD_6_N001",9294.60243732981
"Del Mar",32.959489,-117.265314,"DELMAR_6_N010",2423.68453544797
"Del Rey Oaks",36.593292,-121.834953,"DELMNTE_1_N010",1492.15263922866
"Delano",35.768842,-119.247053,"MCFRLND_6_N001",9436.76103665161
"Desert Hot Springs",33.961125,-116.501678,"TAP817_1_B1",1642.08557449064
"Diamond Bar",34.028622,-117.810336,"CHINO_6_N007",12488.240368583
"Dinuba",36.543283,-119.387067,"DINUBA_6_N001",2605.09574478982
"Dixon",38.445464,-121.823297,"DIXON-J1_6_N101",584.447837110501
"Dorris",41.967369,-121.918061,"MALIN_5_N101",49711.2276479764
"Dos Palos",36.986058,-120.626572,"DOSPALS_6_N001",1731.03634562589
"Downey",33.940014,-118.132569,"CENTERS_6_N001",2429.67085957238
"Duarte",34.13945,-117.977286,"RIOHONDO_6_N001",3720.92019400517
"Dublin",37.702153,-121.935792,"TESSUB_2_N001",3141.59312169666
"Dunsmuir",41.208208,-122.271953,"CRAGVIEW_1_N101",1355.38617307097
"East Palo Alto",37.468828,-122.141075,"BLLEHVN_6_N001",2720.09347643365
"Eastvale",33.963056,-117.563889,"MIRALOMA_6_N007",4625.78265088518
"El Cajon",32.794772,-116.962528,"ELCAJNGT_7_B3",702.690639134774
"El Centro",32.792,-115.56305,"ELCENTRO_2_N001",2333.53569396949
"El Cerrito",37.916133,-122.310764,"ELCRRTO_1_N001",945.33617820802
"El Monte",34.068622,-118.027567,"RIOHONDO_6_N001",6052.85899432307
"El Segundo",33.919181,-118.416464,"ELSEG3G_7_B1",1233.05992470428
"Elk Grove",38.4088,-121.371617,"RNCHSECO_2_N108",7748.49181110052
"Emeryville",37.831317,-122.285247,"STATIND_1_N001",2323.94735462491
"Encinitas",33.036986,-117.291983,"ENCNITAS_6_N001",1526.75847093488
"Escalon",37.797428,-120.996603,"AVENA_1_N001",6847.49125759873
"Escondido",33.119208,-117.086422,"ESCO_6_N001",513.599801135913
"Etna",41.456806,-122.894756,"CRAGVIEW_1_N101",60272.4269897646
"Eureka",40.802072,-124.163672,"EUREKAA_6_N001",1649.50460981565
"Exeter",36.296061,-119.142053,"RECTOR_6_N001",8791.86594318725
"Fairfield",38.249358,-122.039967,"SUISUN_1_N001",462.875433611855
"Farmersville",36.297728,-119.206778,"RECTOR_6_N001",2981.83991943393
"Ferndale",40.576242,-124.263944,"EELRIVR_6_N001",5428.6060918523
"Fillmore",34.399164,-118.918153,"MOORPARK_6_N005",13093.7252508533
"Firebaugh",36.858839,-120.456008,"FIREBAGH_6_N001",1540.83878218052
"Folsom",38.677958,-121.176058,"GOLDHILL_1_N033",3816.03847823238
"Fontana",34.092233,-117.435047,"ETIWANDA_6_N007",8764.64506907478
"Fort Bragg",39.445722,-123.805292,"BIGRIVR_6_N001",14999.3518307795
"Fort Jones",41.663864,-124.252892,"ORICK_6_N001",44152.4324760289
"Fortuna",40.598186,-124.157275,"NEWBURG_6_N001",1513.77407688575
"Foster City",37.558547,-122.271078,"BAYMDWS_1_N001",1844.96093766778
"Fountain Valley",33.709186,-117.953669,"ELLSGTY_1_N001",2944.96599903508
"Fowler",36.630506,-119.678469,"MCCALL_1_N026",4041.85865382824
"Fremont",37.548269,-121.988572,"FREMNT_1_N001",2645.1059261869
"Fresno",36.746842,-119.772586,"CALAVE_1_N001",3119.0335557695
"Fullerton",33.870292,-117.925339,"ANAHEIMG_7_B1",6859.8871835965
"Galt",38.254636,-121.299947,"COLONY_6_N001",12714.1289525495
"Garden Grove",33.773906,-117.941447,"ANAHEIMG_7_B1",4960.63553532087
"Gardena",33.88835,-118.308961,"LAFRESA_6_N001",2844.46000309963
"Gilroy",37.005783,-121.568275,"LLAGAS_1_N001",746.051866470694
"Glendale",34.142508,-118.255075,"GOULD_2_N001",10641.2396714203
"Glendora",34.136119,-117.865339,"RIOHONDO_6_N001",11082.5397506709
"Goleta",34.435828,-119.827639,"GOLETA_6_N002",7521.1909381771
"Gonzales",36.506628,-121.444381,"GONZALES_6_N001",562.797066986722
"Grand Terrace",34.033903,-117.313653,"VSTA_2_B1",896.359865729395
"Grass Valley",39.219061,-121.061061,"GRSSVLY_6_N101",1068.25239766933
"Greenfield",36.3208,-121.243814,"LOSOSTS_6_N001",4941.17806202124
"Gridley",39.363778,-121.693583,"PEACHTON_6_N004",1667.5992293629
"Grover Beach",35.121642,-120.621283,"OCEANO_1_N001",4360.21985667396
"Guadalupe",34.971644,-120.571836,"CALLENDR_1_N001",8031.00448779812
"Gustine",37.257717,-120.998814,"GUSTINE_6_N001",1111.38122450768
"Half Moon Bay",37.463553,-122.428586,"HLFMNBY_6_N002",586.424373271892
"Hanford",36.32745,-119.645683,"CONTADNA_1_N001",7118.14530232699
"Hawaiian Gardens",33.831403,-118.072842,"DELAMO_2_N001",3137.43909427786
"Hawthorne",33.916403,-118.352575,"ELNIDO_1_N001",2765.80799474316
"Hayward",37.668819,-122.080797,"CASTROVL_2_N001",3101.62256640758
"Healdsburg",38.610467,-122.869161,"FTCHMTN_6_N001",1736.23071731872
"Hemet",33.747519,-116.971967,"VALLEYSC_5_B1",17425.4819889595
"Hercules",38.017144,-122.288581,"FRANKLIN_6_N003",2563.99319793492
"Hermosa Beach",33.862236,-118.399519,"REDON5G_7_B1",1387.43051315721
"Hesperia",34.426389,-117.300878,"VICTOR_2_B1",10363.1704914817
"Hidden Hills",34.160283,-118.652311,"MONA_3_N501",12962.106470441
"Highland",34.128344,-117.20865,"MTVIEW_1_N005",6186.97880667606
"Hollister",36.852453,-121.401603,"HOLLISTR_1_N001",1364.02363424602
"Holtville",32.811161,-115.380264,"ELCENTRO_2_N001",14997.3415125905
"Hughson",37.602725,-120.866481,"WARNERVL_2_B1",16365.6535417205
"Huntington Beach",33.660297,-117.999225,"HUNT1G_7_B1",2381.43494744419
"Huntington Park",33.981681,-118.225072,"LAGUBELL_2_B1",6932.33599802135
"Huron",36.202731,-120.102917,"HURON_6_N001",1902.88103910721
"Imperial",32.847553,-115.569439,"ELCENTRO_2_N001",5967.07460113403
"Imperial Beach",32.583944,-117.113086,"IMPRLBCH_6_N004",1229.53908602367
"Indian Wells",33.717631,-116.340756,"INDIANW_1_N001",4854.78265925426
"Indio",33.720578,-116.215561,"CONCHO_1_N002",13614.9608973969
"Industry",34.019733,-117.958675,"WALNUT_6_N001",1484.71381154388
"Inglewood",33.961681,-118.353131,"LCIENEGA_6_N001",5011.49067276445
"Ione",38.352692,-120.932717,"CLAY_6_N001",1169.99771651657
"Irvine",33.683947,-117.794694,"WESTWING_5_N501",2493.1269894461
"Irwindale",34.106953,-117.935342,"RIOHONDO_6_N001",4117.31872465892
"Isleton",38.161861,-121.611622,"DOMTAR_1_N001",4885.48807176913
"Jackson",38.348803,-120.774103,"AMFORST_6_N001",3203.99911360063
"Jurupa Valley",33.999522,-117.475397,"MIRALOMA_6_N007",8746.71557996576
"Kerman",36.723558,-120.059878,"KERMAN_6_N001",3501.90546704649
"King City",36.212744,-121.126028,"KINGCTY_6_N002",584.210474239788
"Kingsburg",36.513839,-119.554017,"KINGSBRG_1_N001",3569.23424817628
"La Ca√±ada Flintridge",34.206817,-118.200028,"GOULD_2_N001",1877.16885842752
"La Habra",33.931958,-117.946172,"OLINDA_6_N001",2884.56339557483
"La Habra Heights",33.960847,-117.950619,"OLINDA_6_N001",3269.35014866813
"La Mesa",32.767828,-117.023083,"MURRAY_6_N001",2573.45915276929
"La Mirada",33.917236,-118.012008,"OLINDA_6_N001",9085.22079072717
"La Palma",33.846403,-118.046731,"DELAMO_2_N001",4929.43383875082
"La Puente",34.020011,-117.949508,"WALNUT_6_N001",1282.20260061379
"La Quinta",33.646692,-116.310008,"INDIANW_1_N001",13248.3054719639
"La Verne",34.100842,-117.767836,"PADUA_6_N008",11977.8013409381
"Lafayette",37.885758,-122.118019,"ROSSMOOR_2_N001",4081.12549337264
"Laguna Beach",33.542247,-117.783111,"LAGNANL_1_N001",9342.13356419931
"Laguna Hills",33.599722,-117.699444,"TRABUCO_1_N001",4916.01026563245
"Laguna Niguel",33.522525,-117.707553,"LAGNANL_1_N001",3154.09927117688
"Laguna Woods",33.6103,-117.725331,"TRABUCO_1_N001",7352.06057152357
"Lake Elsinore",33.668078,-117.327261,"VALLEYSC_1_N001",17350.6246470549
"Lake Forest",33.646967,-117.689217,"SANTIAGO_6_N004",7752.7521717992
"Lakeport",39.04295,-122.915828,"HARTLEY_6_N001",4015.25275485273
"Lakewood",33.853628,-118.133956,"DELAMO_2_N001",3194.75875464874
"Lancaster",34.686786,-118.154164,"CALCMENT_6_N151",10578.5225631962
"Larkspur",37.934092,-122.535253,"GREENBRE_6_N001",2255.24694840234
"Lathrop",37.822706,-121.276611,"CLAMMNA_1_N001",1685.88095387972
"Lawndale",33.887236,-118.352575,"ELNIDO_1_N001",1894.30077580055
"Lemon Grove",32.742553,-117.031417,"CHOLLAS_6_N001",1747.38696691871
"Lemoore",36.300783,-119.782911,"LEMOORE_6_N002",1844.71159418016
"Lincoln",38.891564,-121.293008,"PENRYN_6_N001",11884.0852744947
"Lindsay",36.203006,-119.088161,"SPRINGVL_6_N004",17159.1862276123
"Live Oak",36.983561,-121.980517,"PAULSWT_1_N001",973.906588953178
"Livermore",37.681875,-121.768008,"LIVERMRE_6_N001",1074.82778914262
"Livingston",37.386883,-120.723533,"GALLO_1_N001",4159.19745381444
"Lodi",38.134147,-121.272219,"METTLER_6_N001",6430.59001971411
"Loma Linda",34.048347,-117.261153,"MTVIEW_1_N005",3949.84874696411
"Lomita",33.792239,-118.315072,"HARBORG_7_B2",6509.89774438762
"Lompoc",34.63915,-120.457942,"PURISIMA_1_N001",7035.0484717875
"Long Beach",33.768322,-118.195617,"HARBORG_7_B2",5035.9641529202
"Los Alamitos",33.803072,-118.072564,"ALAMT5G_7_B1",4326.34853556093
"Los Altos",33.796331,-118.118119,"ALAMT5G_7_B1",3223.28794478915
"Los Angeles",34.052233,-118.243686,"LAGUBELL_2_B1",11806.0717312355
"Los Banos",37.058278,-120.849914,"CANAL_6_N001",1262.15682490835
"Loyalton",39.676294,-120.241039,"SUMMIT3_6_N101",41505.0225277733
"Lynwood",33.930292,-118.211461,"ICEGEN_7_B1",6258.73627233459
"Madera",36.961336,-120.060717,"STOREY2_2_N001",3629.33813393814
"Malibu",34.005008,-118.810172,"GONDER_2_N501",30477.803163331
"Manhattan Beach",33.884736,-118.410908,"ELSEGNDO_2_B1",1895.53632770538
"Manteca",37.797428,-121.216053,"MANTECA_1_N001",562.174328252522
"Maricopa",35.058858,-119.40095,"MARICOPA_6_N001",5415.49417396144
"Marina",36.684403,-121.802172,"FORTORD_6_N001",4692.05734687738
"Martinez",38.019367,-122.134133,"STAUFER_7_B1",1985.33307459402
"Marysville",39.145725,-121.591356,"MRYSVLLE_6_N001",1207.06974214375
"Maywood",33.986681,-118.18535,"LAGUBELL_2_B1",3346.70577449837
"McFarland",35.678011,-119.229275,"MCFRLND_6_N001",4730.10134643838
"Mendota",36.753561,-120.381558,"MENDOTA_1_N008",7891.10757022609
"Menifee",33.678333,-117.166944,"VALLEYSC_1_N001",6706.39593424173
"Menlo Park",37.453828,-122.182186,"GLENWOOD_6_N001",791.319334633197
"Merced",37.302164,-120.482967,"MERCEDFL_7_N001",3327.60393842242
"Mill Valley",37.906036,-122.544975,"CROCKTAP_2_B1",1480.95188005621
"Millbrae",37.598547,-122.387194,"MILLBRAE_6_N001",780.86176648182
"Milpitas",37.428272,-121.906625,"MILPITAS_1_N001",2052.67631940296
"Mission Viejo",33.600022,-117.671994,"TRABUCO_1_N001",4125.41693200566
"Modesto",37.639097,-120.996878,"RIPON_1_N001",14787.3444507026
"Monrovia",34.144428,-118.001947,"RIOHONDO_6_N001",4721.72121085368
"Montague",41.728197,-122.5278,"CRAGVIEW_1_N101",62899.3686413282
"Montclair",34.077511,-117.689778,"PADUA_6_N008",6605.86953884975
"Monte Sereno",37.236333,-121.992458,"LOSGATS_6_N002",1562.64945983686
"Montebello",34.016506,-118.113753,"MESACAL_6_N004",2142.56557987925
"Monterey",36.600239,-121.894675,"MONTEREY_6_N001",419.501610123174
"Monterey Park",34.062511,-118.122847,"MESACAL_6_N001",3025.86928622083
"Moorpark",34.144897,-118.268742,"GOULD_2_N001",11193.6169617688
"Moreno Valley",33.942467,-117.229672,"RERCU1_7_B1",12812.1830618113
"Morgan Hill",37.1305,-121.654389,"MRGNHIL_1_N007",605.873597612575
"Morro Bay",35.365808,-120.8499,"MORRO4_7_B1",466.73958815413
"Mount Shasta",41.410806,-122.194575,"CRAGVIEW_1_N101",24096.1383491951
"Mountain View",37.386053,-122.08385,"WHISMAN_1_N001",2429.42428920237
"Murrieta",33.553914,-117.213922,"AVOCADO_6_N001",18991.8372469388
"Napa",38.297539,-122.286864,"NAPA_6_N003",645.218522874292
"National City",32.678108,-117.099197,"NATNLCTY_6_N005",1155.62621340606
"Needles",34.848061,-114.614133,"MOH-LGHN_5_N001",17056.5952234137
"Nevada City",39.261561,-121.016058,"BRUNSWCK_1_N101",3597.61947246954
"Newark",37.529658,-122.040239,"NUMITAP_1_N003",3301.58090321022
"Newman",37.313828,-121.020761,"NEWMAN_6_B2",187.516241380085
"Newport Beach",33.618911,-117.928947,"HUNT1G_7_N002",3714.25563357884
"Norco",33.931125,-117.548661,"MIRALOMA_6_N007",8380.65291295545
"Norwalk",33.902236,-118.081733,"CENTERS_6_N001",3945.03007321545
"Novato",38.107419,-122.569703,"NOVATO_6_N002",134.017475486151
"Oakdale",37.766594,-120.847153,"COTTLE_7_N001",1650.83982931085
"Oakland",37.804364,-122.271114,"OAKLAND_1_B1",495.581318053604
"Oakley",37.997422,-121.712453,"CCOSTA_2_B1",4180.80277935874
"Oceanside",33.195869,-117.379483,"OCEANSDE_6_N001",114.28156816818
"Ojai",34.44805,-119.242889,"WILLAMET_7_B1",17086.2477340322
"Ontario",34.063344,-117.650889,"PADUA_6_N008",6408.29316088137
"Orange",33.787794,-117.853111,"VILLAPK_2_N029",3771.0161528206
"Orange Cove",36.624394,-119.313731,"REEDLEY_6_N001",6298.77457900163
"Orinda",37.877147,-122.179689,"ESTPRTL_1_N001",907.372097093918
"Orland",39.747381,-122.196375,"ORLANDB_6_N001",2849.01561316213
"Oroville",39.513775,-121.556358,"OROVILLE_6_N001",993.934077893707
"Oxnard",34.197506,-119.177053,"MANDLY3G_7_B1",6805.76063352351
"Pacific Grove",36.617736,-121.916622,"MONTEREY_6_N001",3098.61712962079
"Pacifica",37.613825,-122.486919,"PACIFICA_6_N001",2157.2977694552
"Palm Desert",33.722244,-116.374456,"INDIANW_1_N001",4220.37523246471
"Palm Springs",33.830297,-116.545292,"THORNHIL_1_N001",2369.23660137888
"Palmdale",34.579433,-118.116461,"VINCENT_5_B1",8929.16963591036
"Palo Alto",37.441883,-122.143019,"STANDFD2_1_N011",2727.18122777162
"Palos Verdes Estates",33.800572,-118.390075,"REDON5G_7_B1",5791.73461980434
"Paramount",33.889461,-118.159792,"ICEGEN_7_B1",2117.20307286452
"Parlier",36.611617,-119.527072,"AIRPROD_1_N001",4426.10638534062
"Pasadena",34.147786,-118.144517,"GOULD_2_N001",9212.91745521507
"Paso Robles",35.632278,-120.664186,"PSARBLS_6_N001",2344.04744119432
"Patterson",37.4716,-121.129656,"SALADO_1_N001",5806.81350354109
"Perris",33.782519,-117.228647,"VALLEYSC_5_B1",7922.394175514
"Petaluma",38.232417,-122.636653,"PETLMAA_6_N001",341.623191458122
"Pico Rivera",33.983069,-118.096736,"VELASCO_2_N100",1984.64410198406
"Piedmont",37.824372,-122.231636,"STATINX_1_N001",2105.74217080873
"Pinole",38.004367,-122.298858,"FRANKLIN_6_N003",3520.82226159367
"Pismo Beach",35.142753,-120.641283,"OCEANO_1_N001",7205.44154920399
"Pittsburg",38.027975,-121.884681,"PITTSBRG_6_N101",1325.17030310379
"Placentia",33.872236,-117.870336,"VILLAPK_2_N029",7315.52888441414
"Placerville",38.729625,-120.798547,"PLACERVL_1_N001",744.982930235858
"Pleasant Hill",37.947978,-122.060797,"MEDWLNE_1_N001",1931.80629344348
"Pleasanton",37.662431,-121.874678,"RADUM_6_N004",1718.80308842949
"Plymouth",38.481853,-120.844658,"OLETA_6_N001",429.205501431573
"Point Arena",38.908797,-123.693072,"PNTARNA_6_N001",1208.85743434326
"Pomona",34.055228,-117.752306,"CHINO_6_N007",9193.45459371075
"Port Hueneme",34.180728,-119.208158,"MANDLY3G_7_B1",4864.02258917464
"Porterville",36.065231,-119.016767,"SPRINGVL_6_N004",8251.62452525061
"Portola",39.810458,-120.469103,"ESTQNCY_6_N001",40257.7867108466
"Poway",32.962822,-117.035864,"POWAY_6_N001",1850.42757839913
"Rancho Cordova",38.589072,-121.302728,"LAKE_2_N028",14870.3610366294
"Rancho Cucamonga",34.1064,-117.593108,"PADUA_6_N008",4586.69899980627
"Rancho Mirage",33.739744,-116.412789,"SANTARO_1_N001",4988.89650370164
"Rancho Palos Verdes",33.744461,-118.387017,"REDON5G_7_B1",12041.1407563223
"Rancho Santa Margarita",33.640856,-117.603103,"MARGARTA_1_N009",10417.0087555369
"Red Bluff",40.178489,-122.235831,"NEORBLF_7_B1",587.761350893722
"Redding",40.586539,-122.391675,"COTWDWAP_2_N030",1655.48502064881
"Redlands",34.055569,-117.182539,"MTVIEW_1_N005",5915.8082265727
"Redondo Beach",33.849183,-118.388408,"REDON5G_7_B1",407.860144612466
"Redwood City",37.485214,-122.236356,"SANCRLS_6_N001",1644.38010559989
"Reedley",36.596339,-119.450403,"WAHTOKE_1_N001",2211.20968797777
"Rialto",34.1064,-117.370325,"VSTA_1_B1",7902.8355175433
"Richmond",37.935758,-122.34775,"RICHMOND_1_N001",2240.74378129373
"Ridgecrest",35.622456,-117.670897,"INYOKERN_1_B1",11203.3507519844
"Rio Dell",40.4993,-124.106436,"RIODELL_6_N001",696.640022919253
"Rio Vista",38.15575,-121.691344,"DOMTAR_1_N001",4617.20847672362
"Ripon",37.739453,-121.135414,"WSTLYSMD_2_N011",1413.17099073507
"Riverbank",37.736039,-120.935489,"RIVRBANK_1_N001",4291.2145045761
"Riverside",33.95335,-117.396156,"RERCU1_7_B1",9782.03657493331
"Rocklin",38.790733,-121.235783,"ROCKLIN_6_N001",586.808967241343
"Rohnert Park",38.339636,-122.701097,"NCPA2GY2_7_N001",2131.71629143665
"Rolling Hills",33.756961,-118.353961,"HARBORG_7_B2",9729.86490013888
"Rolling Hills Estates",33.787794,-118.358128,"REDON5G_7_B1",7793.11876738442
"Rosemead",34.080564,-118.072847,"MESACAL_6_N001",5892.47700002937
"Roseville",38.752122,-121.288006,"ROCKLIN_6_N001",6426.28353853584
"Sacramento",38.581572,-121.4944,"WSCRMNO_1_N004",4913.98481975872
"Salinas",36.677736,-121.6555,"SALINAS_1_N001",781.707102381864
"San Bernardino",34.108344,-117.289764,"MTVIEW_1_N005",5618.81023369601
"San Bruno",37.630489,-122.411083,"SFIA_1_N001",2174.05162508926
"San Carlos",37.507158,-122.260522,"BELMONT_1_N001",1797.51025043668
"San Clemente",33.426972,-117.611992,"SANMATEO_1_N001A",2821.06064329595
"San Diego",32.715328,-117.157256,"URBAN_6_N001",716.123453805948
"San Dimas",34.106675,-117.806725,"PADUA_6_N008",15439.7277125074
"San Fernando",34.281947,-118.438972,"SYLMARS_2_B1",8094.97796814637
"San Francisco",37.774931,-122.419417,"EMBRCDR_2_N001",3513.76799316474
"San Gabriel",34.096111,-118.105833,"MESACAL_6_N001",6535.85237191576
"San Jacinto",33.783908,-116.958636,"BANNING_1_N001",17449.3733207264
"San Joaquin",36.606617,-120.189044,"SANJOQN_6_N001",1793.48554397685
"San Jose",37.339386,-121.894956,"SNJOSEB_1_N009",477.171308868412
"San Juan Bautista",36.845511,-121.537997,"HOLLISTR_1_N001",11560.6580599465
"San Juan Capistrano",33.501692,-117.66255,"CAPSTRNO_1_N001",1426.48569566831
"San Leandro",37.724931,-122.156078,"SNLNDRO_1_N027",1630.03190210226
"San Luis Obispo",35.282753,-120.659617,"FOOTHILL_1_N001",3934.96437462098
"San Marcos",33.143372,-117.166144,"SANMRCOS_6_N001",3548.41145941651
"San Marino",34.121397,-118.106458,"MESACAL_6_N001",9345.07944883283
"San Mateo",37.562992,-122.325525,"BERESFRD_6_N001",536.327090326834
"San Pablo",37.962147,-122.345525,"SANPBLO_1_N001",2567.90526535969
"San Rafael",37.973536,-122.531086,"SANRAFL_1_N006",319.132044907132
"San Ramon",37.779928,-121.978014,"SANRAMON_2_N001",5129.28085085026
"Sand City",36.617183,-121.848286,"DELMNTE_1_N010",2018.80879948403
"Sanger",36.708006,-119.555964,"RAINBOW_1_N001",1441.86050132308
"Santa Ana",33.745572,-117.867833,"JOHANNA_2_N001",3923.3939600098
"Santa Barbara",34.420831,-119.698189,"GOLETA_6_N002",18278.1119712683
"Santa Clara",37.354108,-121.955236,"APPMAT_1_N001",2287.28780103754
"Santa Clarita",34.391664,-118.542586,"SYLMARDC_2_N501",1151.04085517721
"Santa Cruz",36.974117,-122.030797,"PAULSWT_1_N001",4949.81869808307
"Santa Fe Springs",33.947236,-118.085344,"CENTERS_6_N001",3065.47248758508
"Santa Maria",34.953033,-120.435719,"STMARIA_7_N101",475.316533500874
"Santa Monica",34.019453,-118.491192,"GONDER_2_N501",1324.69039634847
"Santa Paula",34.354167,-119.059269,"WILLAMET_7_B1",13401.4054543028
"Santa Rosa",38.440467,-122.714431,"SNTARSA_1_N006",554.021740188805
"Santee",32.838383,-116.973917,"SANTEE_1_N001",1831.15287752114
"Saratoga",37.263833,-122.023014,"SARATOGA_2_N001",2222.29833267765
"Sausalito",37.859094,-122.48525,"SAUSALTO_6_N001",1382.11278502816
"Scotts Valley",37.051061,-122.014683,"CMPEVRS_1_N001",1720.83899370296
"Seal Beach",33.741406,-118.104786,"ALAMITOS_2_N040",3213.74272599161
"Seaside",33.819361,-118.366647,"REDON5G_7_B1",4284.1468373928
"Sebastopol",38.402136,-122.823881,"MOLINO_6_N002",2633.26066623836
"Selma",36.570783,-119.612075,"GRDNWEST_1_N001",4326.9688482679
"Shafter",35.500514,-119.271775,"SHAFTER_1_N001",4610.02758577662
"Shasta Lake",40.680428,-122.370842,"STLLWATR_6_N001",1783.66923329577
"Sierra Madre",34.161672,-118.052847,"RIOHONDO_6_N001",9128.2257080109
"Signal Hill",33.804461,-118.167847,"LBEACH2G_7_N002",4265.30151014506
"Simi Valley",34.269447,-118.781483,"MOORPARK_2_B1",10965.3107603415
"Solana Beach",32.991156,-117.271147,"DELMAR_6_N010",1553.18405965911
"Soledad",32.991156,-117.271147,"DELMAR_6_N010",1553.18405965911
"Solvang",34.595819,-120.137647,"SNTAYNZ_1_N001",3658.4623517141
"Sonoma",38.291858,-122.458036,"SONMALF_7_B1",1707.16053788507
"Sonora",37.984092,-120.382139,"RTRACK_1_N001",2493.00850004074
"South El Monte",34.051956,-118.046733,"MESACAL_6_N001",6053.52458423555
"South Gate",33.954736,-118.212017,"LAGUBELL_6_N001",6191.52133446979
"South Lake Tahoe",38.939925,-119.977186,"SLTSPRG_1_B1",52982.4879904649
"South Pasadena",34.116119,-118.15035,"MESACAL_6_N001",9509.79671550684
"South San Francisco",37.654656,-122.40775,"SFIA_1_N001",554.944262444545
"St. Helena",38.505242,-122.470386,"SILVERDO_1_N002",1107.80140653804
"Stanton",33.802517,-117.993117,"BARRE_6_N001",1417.43536006276
"Stockton",37.957703,-121.290781,"HARDING_6_N001",671.092916303307
"Suisun City",38.238247,-122.040244,"SUISUN_1_N001",774.298356987195
"Sunnyvale",37.368831,-122.03635,"BRITTN_1_N001",1569.34327983071
"Susanville",40.416283,-120.653006,"BOGARD_6_N001",41565.7475352199
"Sutter Creek",38.392967,-120.802436,"AMFORST_6_N001",2654.25626950608
"Taft",35.142467,-119.456508,"TAFT1_1_B1",2296.89187257654
"Tehachapi",35.132189,-118.448975,"TAP78_6_B1",4802.57078019267
"Tehama",40.027103,-122.123322,"GERBER_6_N101",5179.13467551614
"Temecula",33.493639,-117.148364,"AVOCADO_6_N001",14816.3680955479
"Temple City",34.107231,-118.057847,"RIOHONDO_6_N001",7176.41751410687
"Thousand Oaks",34.107231,-118.057847,"RIOHONDO_6_N001",7176.41751410687
"Torrance",33.83585,-118.340628,"LAFRESA_6_N001",3894.15443205487
"Tracy",37.73965,-121.425222,"TRACY_1_N001",1077.06273859458
"Trinidad",41.059292,-124.143125,"TRINIDAD_6_N001",1229.68882926627
"Tulare",36.207728,-119.347339,"RECTOR_6_N001",13962.5439500243
"Tulelake",41.955989,-121.477492,"MALIN_5_N101",14352.3226740658
"Turlock",37.494658,-120.846594,"GALLO_1_N001",16505.1684915374
"Tustin",33.74585,-117.826167,"JOHANNA_2_N001",4213.90733190892
"Twentynine Palms",34.135558,-116.054169,"HIDESERT_2_N018",12561.7144224019
"Ukiah",39.150172,-123.207783,"CITYUKH_1_N001",1735.59359368037
"Union City",37.593392,-122.043831,"JARVIS_1_N014",2116.30685516164
"Upland",34.097511,-117.648389,"PADUA_6_N008",2641.43077563838
"Vacaville",38.356578,-121.987744,"VACAVIL_1_N101",676.051059876016
"Vallejo",38.104086,-122.256636,"CARQUINZ_1_N001",1568.44211281222
"Ventura",34.274639,-119.229006,"SCLARA_2_B1",4565.18768556346
"Vernon",34.003903,-118.230072,"LAGUBELL_2_B1",7854.81121743076
"Victorville",34.536108,-117.291158,"VICTOR_2_B1",8273.52284532675
"Villa Park",33.814461,-117.813111,"VILLAPK_2_N029",1568.11511433854
"Visalia",36.330228,-119.292058,"RECTOR_6_N001",5854.85568415614
"Vista",33.200036,-117.242536,"MELROSE_6_N001",1000.56354666965
"Walnut",34.020289,-117.865339,"WALNUT_6_N001",7921.33920664403
"Walnut Creek",37.910078,-122.065183,"LAKEWOOD_1_N009",473.729786878141
"Wasco",35.594125,-119.340947,"WASCO_6_N001",1330.40723176903
"Waterford",37.641319,-120.760483,"WARNERVL_2_B1",11523.4746118318
"Watsonville",36.910231,-121.756894,"CICCOGN_7_N001",851.107621668097
"Weed",41.42265,-122.386128,"CRAGVIEW_1_N101",26935.7421359879
"West Covina",34.068622,-117.938953,"RIOHONDO_6_N001",5632.61688932271
"West Hollywood",34.090008,-118.361744,"LCIENEGA_6_N001",10072.3458045317
"West Sacramento",38.580461,-121.530233,"WSCRMNO_1_N004",1981.60857436038
"Westlake Village",34.145839,-118.805647,"MOORPARK_2_B1",17276.8268834028
"Westminster",33.751342,-117.993992,"BARRE_6_N001",6558.63536475134
"Westmorland",33.037267,-115.621383,"ELCENTRO_2_N001",27485.4890050339
"Wheatland",39.009894,-121.423014,"WHEATLND_6_N001",441.969308318701
"Whittier",33.979178,-118.032844,"VELASCO_2_N100",5762.21561120506
"Wildomar",33.598914,-117.280036,"VALLEYSC_1_N001",19090.1205476698
"Williams",39.154614,-122.149419,"WILLIAMS_6_N001",336.162151663661
"Willits",39.409608,-123.355567,"WILLITS_6_N001",2241.65856248348
"Willows",39.524325,-122.193592,"WILLOWS_6_N001",887.430757072388
"Winters",38.524906,-121.970803,"PUTHCRK_1_N001",1683.92069642503
"Woodlake",36.413561,-119.098717,"STONCRRL_6_N001",10467.9408013579
"Woodland",38.678517,-121.773297,"WOODLD_1_N001",1156.09318570603
"Yorba Linda",33.888625,-117.813111,"VILLAPK_2_N029",8266.76143360642
"Yreka",41.735419,-122.634472,"CRAGVIEW_1_N101",67291.6301121083
"Yuba City",39.140447,-121.616911,"HARTER_6_N001",2874.42940267143
"Yucaipa",34.033625,-117.043086,"MTVIEW_1_N005",18856.065374236
