"interval_start_utc","interval_end_utc","market","location","location_type","lmp","energy","congestion","loss"
2024-12-06 13:00:00,2024-12-06 13:15:00,"REAL_TIME_15_MIN","AIRPROD_1_N001","Node",47.5022,46.29844,0,1.20376
2024-12-06 13:00:00,2024-12-06 13:15:00,"REAL_TIME_15_MIN","ALAMITOS_2_N040","Node",45.96509,46.29844,0,-0.33335
2024-12-06 13:00:00,2024-12-06 13:15:00,"REAL_TIME_15_MIN","ALAMT5G_7_B1","Node",45.96509,46.29844,0,-0.33335
2024-12-06 13:00:00,2024-12-06 13:15:00,"REAL_TIME_15_MIN","AMFORST_6_N001","Node",39.88986,46.29844,-7.11231,0.70374
2024-12-06 13:00:00,2024-12-06 13:15:00,"REAL_TIME_15_MIN","ANDERSON_6_N001","Node",44.53447,46.29844,0,-1.76397
2024-12-06 13:00:00,2024-12-06 13:15:00,"REAL_TIME_15_MIN","APPMAT_1_N001","Node",47.40034,46.29844,0,1.1019
2024-12-06 13:00:00,2024-12-06 13:15:00,"REAL_TIME_15_MIN","ARCATA_6_N001","Node",49.63656,46.29844,0,3.33812
2024-12-06 13:00:00,2024-12-06 13:15:00,"REAL_TIME_15_MIN","ARCO1G_7_B1","Node",46.22899,46.29844,0,-0.06945
2024-12-06 13:00:00,2024-12-06 13:15:00,"REAL_TIME_15_MIN","ARVINED_1_N001","Node",45.00208,46.29844,0,-1.29636
2024-12-06 13:00:00,2024-12-06 13:15:00,"REAL_TIME_15_MIN","ATASCDRO_6_N001","Node",45.93268,46.29844,0,-0.36576
2024-12-06 13:00:00,2024-12-06 13:15:00,"REAL_TIME_15_MIN","ATWATER_1_B2","Node",47.77073,46.29844,0,1.47229
2024-12-06 13:00:00,2024-12-06 13:15:00,"REAL_TIME_15_MIN","AUBURN_6_N001","Node",114.00432,46.29844,67.56698,0.1389
2024-12-06 13:00:00,2024-12-06 13:15:00,"REAL_TIME_15_MIN","AVENA_1_N001","Node",47.08551,46.29844,0,0.78707
2024-12-06 13:00:00,2024-12-06 13:15:00,"REAL_TIME_15_MIN","AVOCADO_6_N001","Node",47.15496,46.29844,0,0.85652
2024-12-06 13:00:00,2024-12-06 13:15:00,"REAL_TIME_15_MIN","BANNING_1_N001","Node",45.73823,46.29844,0,-0.56021
2024-12-06 13:00:00,2024-12-06 13:15:00,"REAL_TIME_15_MIN","BARRE_6_N001","Node",45.96046,46.29844,0,-0.33798
2024-12-06 13:00:00,2024-12-06 13:15:00,"REAL_TIME_15_MIN","BAYMDWS_1_N001","Node",47.16885,46.29844,0,0.87041
2024-12-06 13:00:00,2024-12-06 13:15:00,"REAL_TIME_15_MIN","BELMONT_1_N001","Node",47.48368,46.29844,0,1.18524
2024-12-06 13:00:00,2024-12-06 13:15:00,"REAL_TIME_15_MIN","BERESFRD_6_N001","Node",47.11329,46.29844,0,0.81485
2024-12-06 13:00:00,2024-12-06 13:15:00,"REAL_TIME_15_MIN","BIGRIVR_6_N001","Node",49.07635,46.29844,0,2.77791
2024-12-06 13:00:00,2024-12-06 13:15:00,"REAL_TIME_15_MIN","BLLEHVN_6_N001","Node",47.73832,46.29844,0,1.43988
2024-12-06 13:00:00,2024-12-06 13:15:00,"REAL_TIME_15_MIN","BLUELKE_6_N001","Node",50.19677,46.29844,0,3.89833
2024-12-06 13:00:00,2024-12-06 13:15:00,"REAL_TIME_15_MIN","BLYTHE_1_N101","Node",35.61637,46.29844,-0.0012,0.60913
2024-12-06 13:00:00,2024-12-06 13:15:00,"REAL_TIME_15_MIN","BOGARD_6_N001","Node",43.34923,46.29844,0,-2.94921
2024-12-06 13:00:00,2024-12-06 13:15:00,"REAL_TIME_15_MIN","BRITTN_1_N001","Node",47.39571,46.29844,0,1.09727
2024-12-06 13:00:00,2024-12-06 13:15:00,"REAL_TIME_15_MIN","BRUNSWCK_1_N101","Node",184.13284,46.29844,138.36684,-0.53243
2024-12-06 13:00:00,2024-12-06 13:15:00,"REAL_TIME_15_MIN","BUELLTON_1_N003","Node",46.99755,46.29844,0,0.69911
2024-12-06 13:00:00,2024-12-06 13:15:00,"REAL_TIME_15_MIN","BURLNGME_1_N001","Node",47.0994,46.29844,0,0.80096
2024-12-06 13:00:00,2024-12-06 13:15:00,"REAL_TIME_15_MIN","CALAVE_1_N001","Node",47.43738,46.29844,0,1.13894
2024-12-06 13:00:00,2024-12-06 13:15:00,"REAL_TIME_15_MIN","CALCMENT_6_N151","Node",45.35858,46.29844,0,-0.93986
2024-12-06 13:00:00,2024-12-06 13:15:00,"REAL_TIME_15_MIN","CALISTGA_6_N001","Node",48.59484,46.29844,0,2.2964
2024-12-06 13:00:00,2024-12-06 13:15:00,"REAL_TIME_15_MIN","CALLENDR_1_N001","Node",47.27997,46.29844,0,0.98153
2024-12-06 13:00:00,2024-12-06 13:15:00,"REAL_TIME_15_MIN","CANAL_6_N001","Node",47.15496,46.29844,0,0.85652
2024-12-06 13:00:00,2024-12-06 13:15:00,"REAL_TIME_15_MIN","CARQUINZ_1_N001","Node",48.15964,46.29844,0,1.8612
2024-12-06 13:00:00,2024-12-06 13:15:00,"REAL_TIME_15_MIN","CASTROVL_2_N001","Node",46.81235,46.29844,0,0.51391
2024-12-06 13:00:00,2024-12-06 13:15:00,"REAL_TIME_15_MIN","CCOSTA_2_B1","Node",45.99287,46.29844,0,-0.30557
2024-12-06 13:00:00,2024-12-06 13:15:00,"REAL_TIME_15_MIN","CENTERS_6_N001","Node",46.02528,46.29844,0,-0.27316
2024-12-06 13:00:00,2024-12-06 13:15:00,"REAL_TIME_15_MIN","CHICOB_1_N002","Node",37.3682,46.29844,-7.75889,-1.17135
2024-12-06 13:00:00,2024-12-06 13:15:00,"REAL_TIME_15_MIN","CHINO_6_N007","Node",45.84934,46.29844,0,-0.44909
2024-12-06 13:00:00,2024-12-06 13:15:00,"REAL_TIME_15_MIN","CHOLLAS_6_N001","Node",45.89564,46.29844,0,-0.4028
2024-12-06 13:00:00,2024-12-06 13:15:00,"REAL_TIME_15_MIN","CHWCHLLA_1_N001","Node",47.84018,46.29844,0,1.54174
2024-12-06 13:00:00,2024-12-06 13:15:00,"REAL_TIME_15_MIN","CITYUKH_1_N001","Node",45.62711,46.29844,0,-0.67133
2024-12-06 13:00:00,2024-12-06 13:15:00,"REAL_TIME_15_MIN","CLAMMNA_1_N001","Node",46.40493,46.29844,0,0.10649
2024-12-06 13:00:00,2024-12-06 13:15:00,"REAL_TIME_15_MIN","CLAY_6_N001","Node",40.15376,46.29844,-7.11231,0.96764
2024-12-06 13:00:00,2024-12-06 13:15:00,"REAL_TIME_15_MIN","CLAYTN_1_N004","Node",46.54845,46.29844,0,0.25001
2024-12-06 13:00:00,2024-12-06 13:15:00,"REAL_TIME_15_MIN","CLOVIS_1_N001","Node",47.42812,46.29844,0,1.12968
2024-12-06 13:00:00,2024-12-06 13:15:00,"REAL_TIME_15_MIN","CLOVRDLE_1_N001","Node",44.15019,46.29844,0,-2.14825
2024-12-06 13:00:00,2024-12-06 13:15:00,"REAL_TIME_15_MIN","CMPEVRS_1_N001","Node",47.42349,46.29844,0,1.12505
2024-12-06 13:00:00,2024-12-06 13:15:00,"REAL_TIME_15_MIN","COLNGA1_6_N001","Node",45.30302,46.29844,0,-0.99542
2024-12-06 13:00:00,2024-12-06 13:15:00,"REAL_TIME_15_MIN","COLONY_6_N001","Node",29.39189,46.29844,-17.4575,0.55095
2024-12-06 13:00:00,2024-12-06 13:15:00,"REAL_TIME_15_MIN","COLUSA_6_N001","Node",44.62707,46.29844,0,-1.67137
2024-12-06 13:00:00,2024-12-06 13:15:00,"REAL_TIME_15_MIN","CONCHO_1_N002","Node",45.34932,46.29844,0,-0.94912
2024-12-06 13:00:00,2024-12-06 13:15:00,"REAL_TIME_15_MIN","CONTADNA_1_N001","Node",46.68735,46.29844,0,0.38891
2024-12-06 13:00:00,2024-12-06 13:15:00,"REAL_TIME_15_MIN","CONTROLX_1_N002","Node",37.14524,46.29844,0,-9.1532
2024-12-06 13:00:00,2024-12-06 13:15:00,"REAL_TIME_15_MIN","CORNING_6_N004","Node",44.84467,46.29844,0,-1.45377
2024-12-06 13:00:00,2024-12-06 13:15:00,"REAL_TIME_15_MIN","COTTLE_7_N001","Node",46.72439,46.29844,0,0.42595
2024-12-06 13:00:00,2024-12-06 13:15:00,"REAL_TIME_15_MIN","CROCKTAP_2_B1","Node",46.48826,46.29844,0,0.18982
2024-12-06 13:00:00,2024-12-06 13:15:00,"REAL_TIME_15_MIN","DALYCTY_1_N001","Node",47.66424,46.29844,0,1.3658
2024-12-06 13:00:00,2024-12-06 13:15:00,"REAL_TIME_15_MIN","DELAMO_2_N001","Node",46.0901,46.29844,0,-0.20834
2024-12-06 13:00:00,2024-12-06 13:15:00,"REAL_TIME_15_MIN","DELMAR_6_N010","Node",45.99287,46.29844,0,-0.30557
2024-12-06 13:00:00,2024-12-06 13:15:00,"REAL_TIME_15_MIN","DELMNTE_1_N010","Node",45.60859,46.29844,0,-0.68985
2024-12-06 13:00:00,2024-12-06 13:15:00,"REAL_TIME_15_MIN","DINUBA_6_N001","Node",48.05778,46.29844,0,1.75934
2024-12-06 13:00:00,2024-12-06 13:15:00,"REAL_TIME_15_MIN","DIXON-J1_6_N101","Node",45.57618,46.29844,0,-0.72226
2024-12-06 13:00:00,2024-12-06 13:15:00,"REAL_TIME_15_MIN","DOMTAR_1_N001","Node",46.03917,46.29844,0,-0.25927
2024-12-06 13:00:00,2024-12-06 13:15:00,"REAL_TIME_15_MIN","DOSPALS_6_N001","Node",45.64563,46.29844,0,-0.65281
2024-12-06 13:00:00,2024-12-06 13:15:00,"REAL_TIME_15_MIN","EDWARDS_1_N001","Node",44.52521,46.29844,0,-1.77323
2024-12-06 13:00:00,2024-12-06 13:15:00,"REAL_TIME_15_MIN","EELRIVR_6_N001","Node",49.56711,46.29844,0,3.26867
2024-12-06 13:00:00,2024-12-06 13:15:00,"REAL_TIME_15_MIN","ELCENTRO_2_N001","Node",45.88638,46.29844,0,-0.41206
2024-12-06 13:00:00,2024-12-06 13:15:00,"REAL_TIME_15_MIN","ELCRRTO_1_N001","Node",47.0207,46.29844,0,0.72226
2024-12-06 13:00:00,2024-12-06 13:15:00,"REAL_TIME_15_MIN","ELLSGTY_1_N001","Node",46.00213,46.29844,0,-0.29631
2024-12-06 13:00:00,2024-12-06 13:15:00,"REAL_TIME_15_MIN","ELPATIO_1_N001","Node",47.51609,46.29844,0,1.21765
2024-12-06 13:00:00,2024-12-06 13:15:00,"REAL_TIME_15_MIN","ELSEGNDO_2_B1","Node",46.46511,46.29844,0,0.16667
2024-12-06 13:00:00,2024-12-06 13:15:00,"REAL_TIME_15_MIN","EMBRCDR_2_N001","Node",47.46516,46.29844,0,1.16672
2024-12-06 13:00:00,2024-12-06 13:15:00,"REAL_TIME_15_MIN","ENCNITAS_6_N001","Node",46.0901,46.29844,0,-0.20834
2024-12-06 13:00:00,2024-12-06 13:15:00,"REAL_TIME_15_MIN","ESCO_6_N001","Node",45.95583,46.29844,0,-0.34261
2024-12-06 13:00:00,2024-12-06 13:15:00,"REAL_TIME_15_MIN","ESTPRTL_1_N001","Node",46.86791,46.29844,0,0.56947
2024-12-06 13:00:00,2024-12-06 13:15:00,"REAL_TIME_15_MIN","ESTQNCY_6_N001","Node",35.45145,46.29844,-7.75889,-3.08811
2024-12-06 13:00:00,2024-12-06 13:15:00,"REAL_TIME_15_MIN","EUREKAA_6_N001","Node",49.21524,46.29844,0,2.9168
2024-12-06 13:00:00,2024-12-06 13:15:00,"REAL_TIME_15_MIN","FIREBAGH_6_N001","Node",46.40956,46.29844,0,0.11112
2024-12-06 13:00:00,2024-12-06 13:15:00,"REAL_TIME_15_MIN","FOOTHILL_1_N001","Node",46.34474,46.29844,0,0.0463
2024-12-06 13:00:00,2024-12-06 13:15:00,"REAL_TIME_15_MIN","FORTORD_6_N001","Node",45.78453,46.29844,0,-0.51391
2024-12-06 13:00:00,2024-12-06 13:15:00,"REAL_TIME_15_MIN","FRANKLIN_6_N003","Node",47.31238,46.29844,0,1.01394
2024-12-06 13:00:00,2024-12-06 13:15:00,"REAL_TIME_15_MIN","FREMNT_1_N001","Node",47.17811,46.29844,0,0.87967
2024-12-06 13:00:00,2024-12-06 13:15:00,"REAL_TIME_15_MIN","FROGTOWN_7_N001","Node",47.22441,46.29844,0,0.92597
2024-12-06 13:00:00,2024-12-06 13:15:00,"REAL_TIME_15_MIN","FTCHMTN_6_N001","Node",46.59012,46.29844,0,0.29168
2024-12-06 13:00:00,2024-12-06 13:15:00,"REAL_TIME_15_MIN","GERBER_6_N101","Node",45.69656,46.29844,0,-0.60188
2024-12-06 13:00:00,2024-12-06 13:15:00,"REAL_TIME_15_MIN","GLENWOOD_6_N001","Node",47.46516,46.29844,0,1.16672
2024-12-06 13:00:00,2024-12-06 13:15:00,"REAL_TIME_15_MIN","GOLDHILL_1_N033","Node",94.67111,46.29844,48.49305,-0.12038
2024-12-06 13:00:00,2024-12-06 13:15:00,"REAL_TIME_15_MIN","GOLETA_6_N002","Node",46.96514,46.29844,0,0.6667
2024-12-06 13:00:00,2024-12-06 13:15:00,"REAL_TIME_15_MIN","GONDER_2_N501","Node",35.30251,46.29844,0,0.29407
2024-12-06 13:00:00,2024-12-06 13:15:00,"REAL_TIME_15_MIN","GONZALES_6_N001","Node",45.78916,46.29844,0,-0.50928
2024-12-06 13:00:00,2024-12-06 13:15:00,"REAL_TIME_15_MIN","GOULD_2_N001","Node",45.68267,46.29844,0,-0.61577
2024-12-06 13:00:00,2024-12-06 13:15:00,"REAL_TIME_15_MIN","GRDNWEST_1_N001","Node",47.13644,46.29844,0,0.838
2024-12-06 13:00:00,2024-12-06 13:15:00,"REAL_TIME_15_MIN","GREENBRE_6_N001","Node",47.53461,46.29844,0,1.23617
2024-12-06 13:00:00,2024-12-06 13:15:00,"REAL_TIME_15_MIN","GRSSVLY_6_N101","Node",32.09313,46.29844,-14.54791,0.34261
2024-12-06 13:00:00,2024-12-06 13:15:00,"REAL_TIME_15_MIN","GUSTINE_6_N001","Node",51.48387,46.29844,0,5.18543
2024-12-06 13:00:00,2024-12-06 13:15:00,"REAL_TIME_15_MIN","HARBORG_7_B2","Node",46.22436,46.29844,0,-0.07408
2024-12-06 13:00:00,2024-12-06 13:15:00,"REAL_TIME_15_MIN","HARDING_6_N001","Node",46.65031,46.29844,0,0.35187
2024-12-06 13:00:00,2024-12-06 13:15:00,"REAL_TIME_15_MIN","HARTER_6_N001","Node",108.52233,46.29844,62.0711,0.15278
2024-12-06 13:00:00,2024-12-06 13:15:00,"REAL_TIME_15_MIN","HARTLEY_6_N001","Node",46.00676,46.29844,0,-0.29168
2024-12-06 13:00:00,2024-12-06 13:15:00,"REAL_TIME_15_MIN","HATTON_6_N001","Node",45.79379,46.29844,0,-0.50465
2024-12-06 13:00:00,2024-12-06 13:15:00,"REAL_TIME_15_MIN","HIDESERT_2_N018","Node",45.14561,46.29844,0,-1.15283
2024-12-06 13:00:00,2024-12-06 13:15:00,"REAL_TIME_15_MIN","HILLSIDE_1_N004","Node",46.86328,46.29844,0,0.56484
2024-12-06 13:00:00,2024-12-06 13:15:00,"REAL_TIME_15_MIN","HLFMNBY_6_N002","Node",47.92351,46.29844,0,1.62508
2024-12-06 13:00:00,2024-12-06 13:15:00,"REAL_TIME_15_MIN","HOLLISTR_1_N001","Node",45.95583,46.29844,0,-0.34261
2024-12-06 13:00:00,2024-12-06 13:15:00,"REAL_TIME_15_MIN","HUNT1G_7_B1","Node",45.95583,46.29844,0,-0.34261
2024-12-06 13:00:00,2024-12-06 13:15:00,"REAL_TIME_15_MIN","HUNT1G_7_N002","Node",45.95583,46.29844,0,-0.34261
2024-12-06 13:00:00,2024-12-06 13:15:00,"REAL_TIME_15_MIN","HURON_6_N001","Node",45.16876,46.29844,0,-1.12968
2024-12-06 13:00:00,2024-12-06 13:15:00,"REAL_TIME_15_MIN","ICEGEN_7_B1","Node",46.15491,46.29844,0,-0.14353
2024-12-06 13:00:00,2024-12-06 13:15:00,"REAL_TIME_15_MIN","IMPRLBCH_6_N004","Node",45.7799,46.29844,0,-0.51854
2024-12-06 13:00:00,2024-12-06 13:15:00,"REAL_TIME_15_MIN","INDIANW_1_N001","Node",45.36321,46.29844,0,-0.93523
2024-12-06 13:00:00,2024-12-06 13:15:00,"REAL_TIME_15_MIN","INYOKERN_1_B1","Node",42.90476,46.29844,0,-3.39368
2024-12-06 13:00:00,2024-12-06 13:15:00,"REAL_TIME_15_MIN","JARVIS_1_N014","Node",47.75684,46.29844,0,1.4584
2024-12-06 13:00:00,2024-12-06 13:15:00,"REAL_TIME_15_MIN","JENNY_1_N001","Node",48.02074,46.29844,0,1.7223
2024-12-06 13:00:00,2024-12-06 13:15:00,"REAL_TIME_15_MIN","JOHANNA_2_N001","Node",46.05306,46.29844,0,-0.24538
2024-12-06 13:00:00,2024-12-06 13:15:00,"REAL_TIME_15_MIN","KERMAN_6_N001","Node",46.65494,46.29844,0,0.3565
2024-12-06 13:00:00,2024-12-06 13:15:00,"REAL_TIME_15_MIN","KETTLEMN_6_N001","Node",45.52063,46.29844,0,-0.77781
2024-12-06 13:00:00,2024-12-06 13:15:00,"REAL_TIME_15_MIN","KINGCTY_6_N002","Node",45.40025,46.29844,0,-0.89819
2024-12-06 13:00:00,2024-12-06 13:15:00,"REAL_TIME_15_MIN","KINGSBRG_1_N001","Node",47.15496,46.29844,0,0.85652
2024-12-06 13:00:00,2024-12-06 13:15:00,"REAL_TIME_15_MIN","LAFRESA_6_N001","Node",46.4003,46.29844,0,0.10186
2024-12-06 13:00:00,2024-12-06 13:15:00,"REAL_TIME_15_MIN","LAGNANL_1_N001","Node",46.23362,46.29844,0,-0.06482
2024-12-06 13:00:00,2024-12-06 13:15:00,"REAL_TIME_15_MIN","LAGUBELL_2_B1","Node",45.94194,46.29844,0,-0.3565
2024-12-06 13:00:00,2024-12-06 13:15:00,"REAL_TIME_15_MIN","LAGUBELL_6_N001","Node",45.9512,46.29844,0,-0.34724
2024-12-06 13:00:00,2024-12-06 13:15:00,"REAL_TIME_15_MIN","LAKE_2_N028","Node",46.40613,46.29844,0.0012,0.10649
2024-12-06 13:00:00,2024-12-06 13:15:00,"REAL_TIME_15_MIN","LAKEWOOD_1_N009","Node",46.81235,46.29844,0,0.51391
2024-12-06 13:00:00,2024-12-06 13:15:00,"REAL_TIME_15_MIN","LBEACH2G_7_N002","Node",46.2614,46.29844,0,-0.03704
2024-12-06 13:00:00,2024-12-06 13:15:00,"REAL_TIME_15_MIN","LCIENEGA_6_N001","Node",46.54845,46.29844,0,0.25001
2024-12-06 13:00:00,2024-12-06 13:15:00,"REAL_TIME_15_MIN","LEMOORE_6_N002","Node",46.69661,46.29844,0,0.39817
2024-12-06 13:00:00,2024-12-06 13:15:00,"REAL_TIME_15_MIN","LIVERMRE_6_N001","Node",46.82624,46.29844,0,0.5278
2024-12-06 13:00:00,2024-12-06 13:15:00,"REAL_TIME_15_MIN","LLAGAS_1_N001","Node",46.95125,46.29844,0,0.65281
2024-12-06 13:00:00,2024-12-06 13:15:00,"REAL_TIME_15_MIN","LOSGATS_6_N002","Node",48.00685,46.29844,0,1.70841
2024-12-06 13:00:00,2024-12-06 13:15:00,"REAL_TIME_15_MIN","LOSOSTS_6_N001","Node",45.4697,46.29844,0,-0.82874
2024-12-06 13:00:00,2024-12-06 13:15:00,"REAL_TIME_15_MIN","MALIN_5_N101","Node",35.44712,46.29844,-0.0024,0.44108
2024-12-06 13:00:00,2024-12-06 13:15:00,"REAL_TIME_15_MIN","MANDLY3G_7_B1","Node",46.25214,46.29844,0,-0.0463
2024-12-06 13:00:00,2024-12-06 13:15:00,"REAL_TIME_15_MIN","MANTECA_1_N001","Node",46.52993,46.29844,0,0.23149
2024-12-06 13:00:00,2024-12-06 13:15:00,"REAL_TIME_15_MIN","MARGARTA_1_N009","Node",46.20121,46.29844,0,-0.09723
2024-12-06 13:00:00,2024-12-06 13:15:00,"REAL_TIME_15_MIN","MARICOPA_6_N001","Node",44.65947,46.29844,0,-1.63896
2024-12-06 13:00:00,2024-12-06 13:15:00,"REAL_TIME_15_MIN","MCCALL_1_N026","Node",47.10866,46.29844,0,0.81022
2024-12-06 13:00:00,2024-12-06 13:15:00,"REAL_TIME_15_MIN","MCFRLND_6_N001","Node",44.82152,46.29844,0,-1.47692
2024-12-06 13:00:00,2024-12-06 13:15:00,"REAL_TIME_15_MIN","MEDWLNE_1_N001","Node",46.80309,46.29844,0,0.50465
2024-12-06 13:00:00,2024-12-06 13:15:00,"REAL_TIME_15_MIN","MELROSE_6_N001","Node",46.33085,46.29844,0,0.03241
2024-12-06 13:00:00,2024-12-06 13:15:00,"REAL_TIME_15_MIN","MERCEDFL_7_N001","Node",48.33557,46.29844,0,2.03713
2024-12-06 13:00:00,2024-12-06 13:15:00,"REAL_TIME_15_MIN","MESACAL_6_N001","Node",45.76138,46.29844,0,-0.53706
2024-12-06 13:00:00,2024-12-06 13:15:00,"REAL_TIME_15_MIN","MESACAL_6_N004","Node",45.76138,46.29844,0,-0.53706
2024-12-06 13:00:00,2024-12-06 13:15:00,"REAL_TIME_15_MIN","METTLER_6_N001","Node",29.48449,46.29844,-17.4575,0.64355
2024-12-06 13:00:00,2024-12-06 13:15:00,"REAL_TIME_15_MIN","MILLBRAE_6_N001","Node",47.86333,46.29844,0,1.56489
2024-12-06 13:00:00,2024-12-06 13:15:00,"REAL_TIME_15_MIN","MILPITAS_1_N001","Node",47.45127,46.29844,0,1.15283
2024-12-06 13:00:00,2024-12-06 13:15:00,"REAL_TIME_15_MIN","MIRALOMA_6_N007","Node",45.79842,46.29844,0,-0.50002
2024-12-06 13:00:00,2024-12-06 13:15:00,"REAL_TIME_15_MIN","MOH-LGHN_5_N001","Node",34.19974,46.29844,0,-0.80869
2024-12-06 13:00:00,2024-12-06 13:15:00,"REAL_TIME_15_MIN","MOLINO_6_N002","Node",47.0994,46.29844,0,0.80096
2024-12-06 13:00:00,2024-12-06 13:15:00,"REAL_TIME_15_MIN","MONA_3_N501","Node",35.30251,46.29844,0,0.29407
2024-12-06 13:00:00,2024-12-06 13:15:00,"REAL_TIME_15_MIN","MONTEREY_6_N001","Node",45.68267,46.29844,0,-0.61577
2024-12-06 13:00:00,2024-12-06 13:15:00,"REAL_TIME_15_MIN","MONTGMRY_6_N001","Node",45.55766,46.29844,0,-0.74078
2024-12-06 13:00:00,2024-12-06 13:15:00,"REAL_TIME_15_MIN","MOORPARK_2_B1","Node",45.74286,46.29844,0,-0.55558
2024-12-06 13:00:00,2024-12-06 13:15:00,"REAL_TIME_15_MIN","MOORPARK_6_N005","Node",45.75212,46.29844,0,-0.54632
2024-12-06 13:00:00,2024-12-06 13:15:00,"REAL_TIME_15_MIN","MRGNHIL_1_N007","Node",46.79383,46.29844,0,0.49539
2024-12-06 13:00:00,2024-12-06 13:15:00,"REAL_TIME_15_MIN","MRYSVLLE_6_N001","Node",85.72637,46.29844,39.11773,0.3102
2024-12-06 13:00:00,2024-12-06 13:15:00,"REAL_TIME_15_MIN","MTVIEW_1_N005","Node",46.98829,46.29844,0,0.68985
2024-12-06 13:00:00,2024-12-06 13:15:00,"REAL_TIME_15_MIN","MURRAY_6_N001","Node",45.95583,46.29844,0,-0.34261
2024-12-06 13:00:00,2024-12-06 13:15:00,"REAL_TIME_15_MIN","NAPA_6_N003","Node",45.76138,46.29844,0,-0.53706
2024-12-06 13:00:00,2024-12-06 13:15:00,"REAL_TIME_15_MIN","NATNLCTY_6_N005","Node",45.66878,46.29844,0,-0.62966
2024-12-06 13:00:00,2024-12-06 13:15:00,"REAL_TIME_15_MIN","NCPA2GY2_7_N001","Node",45.41877,46.29844,0,-0.87967
2024-12-06 13:00:00,2024-12-06 13:15:00,"REAL_TIME_15_MIN","NEORBLF_7_B1","Node",46.12714,46.29844,0,-0.1713
2024-12-06 13:00:00,2024-12-06 13:15:00,"REAL_TIME_15_MIN","NEWBURG_6_N001","Node",49.63656,46.29844,0,3.33812
2024-12-06 13:00:00,2024-12-06 13:15:00,"REAL_TIME_15_MIN","NEWMAN_6_B2","Node",49.06246,46.29844,0,2.76402
2024-12-06 13:00:00,2024-12-06 13:15:00,"REAL_TIME_15_MIN","NOISLMTR_6_N009","Node",45.80305,46.29844,0,-0.49539
2024-12-06 13:00:00,2024-12-06 13:15:00,"REAL_TIME_15_MIN","NOVATO_6_N002","Node",46.22899,46.29844,0,-0.06945
2024-12-06 13:00:00,2024-12-06 13:15:00,"REAL_TIME_15_MIN","NUMITAP_1_N003","Node",47.49294,46.29844,0,1.1945
2024-12-06 13:00:00,2024-12-06 13:15:00,"REAL_TIME_15_MIN","OAKLAND_1_B1","Node",47.0531,46.29844,0,0.75466
2024-12-06 13:00:00,2024-12-06 13:15:00,"REAL_TIME_15_MIN","OCEANO_1_N001","Node",47.42812,46.29844,0,1.12968
2024-12-06 13:00:00,2024-12-06 13:15:00,"REAL_TIME_15_MIN","OCEANSDE_6_N001","Node",46.32622,46.29844,0,0.02778
2024-12-06 13:00:00,2024-12-06 13:15:00,"REAL_TIME_15_MIN","OLETA_6_N001","Node",40.17228,46.29844,-7.11231,0.98616
2024-12-06 13:00:00,2024-12-06 13:15:00,"REAL_TIME_15_MIN","OLINDA_6_N001","Node",45.95583,46.29844,0,-0.34261
2024-12-06 13:00:00,2024-12-06 13:15:00,"REAL_TIME_15_MIN","ORICK_6_N001","Node",50.73383,46.29844,0,4.43539
2024-12-06 13:00:00,2024-12-06 13:15:00,"REAL_TIME_15_MIN","ORLANDB_6_N001","Node",44.2289,46.29844,0,-2.06954
2024-12-06 13:00:00,2024-12-06 13:15:00,"REAL_TIME_15_MIN","ORMOND2G_7_B1","Node",45.74286,46.29844,0,-0.55558
2024-12-06 13:00:00,2024-12-06 13:15:00,"REAL_TIME_15_MIN","OROVILLE_6_N001","Node",44.65485,46.29844,0,-1.64359
2024-12-06 13:00:00,2024-12-06 13:15:00,"REAL_TIME_15_MIN","PACIFICA_6_N001","Node",48.10871,46.29844,0,1.81027
2024-12-06 13:00:00,2024-12-06 13:15:00,"REAL_TIME_15_MIN","PADUA_6_N008","Node",45.9049,46.29844,0,-0.39354
2024-12-06 13:00:00,2024-12-06 13:15:00,"REAL_TIME_15_MIN","PARKWAY_2_N001","Node",45.84934,46.29844,0,-0.44909
2024-12-06 13:00:00,2024-12-06 13:15:00,"REAL_TIME_15_MIN","PAULSWT_1_N001","Node",47.66887,46.29844,0,1.37043
2024-12-06 13:00:00,2024-12-06 13:15:00,"REAL_TIME_15_MIN","PEACHTON_6_N004","Node",78.24749,46.29844,32.3287,-0.37965
2024-12-06 13:00:00,2024-12-06 13:15:00,"REAL_TIME_15_MIN","PENRYN_6_N001","Node",114.25433,46.29844,67.56698,0.38891
2024-12-06 13:00:00,2024-12-06 13:15:00,"REAL_TIME_15_MIN","PERMNNTE_6_N002","Node",46.81698,46.29844,0,0.51854
2024-12-06 13:00:00,2024-12-06 13:15:00,"REAL_TIME_15_MIN","PETLMAA_6_N001","Node",46.00213,46.29844,0,-0.29631
2024-12-06 13:00:00,2024-12-06 13:15:00,"REAL_TIME_15_MIN","PITTSBRG_6_N101","Node",46.18732,46.29844,0,-0.11112
2024-12-06 13:00:00,2024-12-06 13:15:00,"REAL_TIME_15_MIN","PLACERVL_1_N001","Node",95.1341,46.29844,48.49305,0.34261
2024-12-06 13:00:00,2024-12-06 13:15:00,"REAL_TIME_15_MIN","PLAINFLD_6_N001","Node",48.99301,46.29844,0,2.69457
2024-12-06 13:00:00,2024-12-06 13:15:00,"REAL_TIME_15_MIN","PNTARNA_6_N001","Node",48.62262,46.29844,0,2.32418
2024-12-06 13:00:00,2024-12-06 13:15:00,"REAL_TIME_15_MIN","POWAY_6_N001","Node",45.58544,46.29844,0,-0.713
2024-12-06 13:00:00,2024-12-06 13:15:00,"REAL_TIME_15_MIN","PRAXAIR_1_B1","Node",46.479,46.29844,0,0.18056
2024-12-06 13:00:00,2024-12-06 13:15:00,"REAL_TIME_15_MIN","PSARBLS_6_N001","Node",45.91416,46.29844,0,-0.38428
2024-12-06 13:00:00,2024-12-06 13:15:00,"REAL_TIME_15_MIN","PSE-BEAR_7_B1","Node",44.9419,46.29844,0,-1.35654
2024-12-06 13:00:00,2024-12-06 13:15:00,"REAL_TIME_15_MIN","PURISIMA_1_N001","Node",47.13644,46.29844,0,0.838
2024-12-06 13:00:00,2024-12-06 13:15:00,"REAL_TIME_15_MIN","RADUM_6_N004","Node",46.92347,46.29844,0,0.62503
2024-12-06 13:00:00,2024-12-06 13:15:00,"REAL_TIME_15_MIN","RAINBOW_1_N001","Node",47.49294,46.29844,0,1.1945
2024-12-06 13:00:00,2024-12-06 13:15:00,"REAL_TIME_15_MIN","RECTOR_6_N001","Node",45.82157,46.29844,0,-0.47687
2024-12-06 13:00:00,2024-12-06 13:15:00,"REAL_TIME_15_MIN","REDON5G_7_B1","Node",46.354,46.29844,0,0.05556
2024-12-06 13:00:00,2024-12-06 13:15:00,"REAL_TIME_15_MIN","REEDLEY_6_N001","Node",47.73832,46.29844,0,1.43988
2024-12-06 13:00:00,2024-12-06 13:15:00,"REAL_TIME_15_MIN","RERCU1_7_B1","Node",45.89101,46.29844,0,-0.40743
2024-12-06 13:00:00,2024-12-06 13:15:00,"REAL_TIME_15_MIN","RICHMOND_1_N001","Node",47.63646,46.29844,0,1.33802
2024-12-06 13:00:00,2024-12-06 13:15:00,"REAL_TIME_15_MIN","RIODELL_6_N001","Node",49.66897,46.29844,0,3.37053
2024-12-06 13:00:00,2024-12-06 13:15:00,"REAL_TIME_15_MIN","RIOHONDO_6_N001","Node",45.72434,46.29844,0,-0.5741
2024-12-06 13:00:00,2024-12-06 13:15:00,"REAL_TIME_15_MIN","RIPON_1_N001","Node",47.56702,46.29844,0,1.26858
2024-12-06 13:00:00,2024-12-06 13:15:00,"REAL_TIME_15_MIN","RIVRBANK_1_N001","Node",46.6642,46.29844,0,0.36576
2024-12-06 13:00:00,2024-12-06 13:15:00,"REAL_TIME_15_MIN","ROADWAY_1_N001","Node",45.51137,46.29844,0,-0.78707
2024-12-06 13:00:00,2024-12-06 13:15:00,"REAL_TIME_15_MIN","ROCKLIN_6_N001","Node",104.19922,46.29844,57.86837,0.03241
2024-12-06 13:00:00,2024-12-06 13:15:00,"REAL_TIME_15_MIN","ROSSMOOR_2_N001","Node",46.49752,46.29844,0,0.19908
2024-12-06 13:00:00,2024-12-06 13:15:00,"REAL_TIME_15_MIN","RTRACK_1_N001","Node",47.24756,46.29844,0,0.94912
2024-12-06 13:00:00,2024-12-06 13:15:00,"REAL_TIME_15_MIN","SALINAS_1_N001","Node",45.64563,46.29844,0,-0.65281
2024-12-06 13:00:00,2024-12-06 13:15:00,"REAL_TIME_15_MIN","SANCRLS_6_N001","Node",47.79851,46.29844,0,1.50007
2024-12-06 13:00:00,2024-12-06 13:15:00,"REAL_TIME_15_MIN","SANJOQN_6_N001","Node",46.25677,46.29844,0,-0.04167
2024-12-06 13:00:00,2024-12-06 13:15:00,"REAL_TIME_15_MIN","SANMATEO_1_N001A","Node",46.9744,46.29844,0,0.67596
2024-12-06 13:00:00,2024-12-06 13:15:00,"REAL_TIME_15_MIN","SANMRCOS_6_N001","Node",46.03454,46.29844,0,-0.2639
2024-12-06 13:00:00,2024-12-06 13:15:00,"REAL_TIME_15_MIN","SANPBLO_1_N001","Node",47.35867,46.29844,0,1.06023
2024-12-06 13:00:00,2024-12-06 13:15:00,"REAL_TIME_15_MIN","SANRAFL_1_N006","Node",46.479,46.29844,0,0.18056
2024-12-06 13:00:00,2024-12-06 13:15:00,"REAL_TIME_15_MIN","SANRAMON_2_N001","Node",46.76142,46.29844,0,0.46298
2024-12-06 13:00:00,2024-12-06 13:15:00,"REAL_TIME_15_MIN","SANTARO_1_N001","Node",45.37247,46.29844,0,-0.92597
2024-12-06 13:00:00,2024-12-06 13:15:00,"REAL_TIME_15_MIN","SANTEE_1_N001","Node",45.52063,46.29844,0,-0.77781
2024-12-06 13:00:00,2024-12-06 13:15:00,"REAL_TIME_15_MIN","SARATOGA_2_N001","Node",46.59475,46.29844,0,0.29631
2024-12-06 13:00:00,2024-12-06 13:15:00,"REAL_TIME_15_MIN","SAUSALTO_6_N001","Node",48.42817,46.29844,0,2.12973
2024-12-06 13:00:00,2024-12-06 13:15:00,"REAL_TIME_15_MIN","SCLARA_2_B1","Node",46.25214,46.29844,0,-0.0463
2024-12-06 13:00:00,2024-12-06 13:15:00,"REAL_TIME_15_MIN","SFIA_1_N001","Node",47.2846,46.29844,0,0.98616
2024-12-06 13:00:00,2024-12-06 13:15:00,"REAL_TIME_15_MIN","SHADYGLN_6_N001","Node",167.97232,46.29844,122.52577,-0.85189
2024-12-06 13:00:00,2024-12-06 13:15:00,"REAL_TIME_15_MIN","SILVERDO_1_N002","Node",45.1132,46.29844,0,-1.18524
2024-12-06 13:00:00,2024-12-06 13:15:00,"REAL_TIME_15_MIN","SLTSPRG_1_B1","Node",39.02871,46.29844,-7.11231,-0.15741
2024-12-06 13:00:00,2024-12-06 13:15:00,"REAL_TIME_15_MIN","SNJOSEB_1_N009","Node",47.64109,46.29844,0,1.34265
2024-12-06 13:00:00,2024-12-06 13:15:00,"REAL_TIME_15_MIN","SNLNDRO_1_N027","Node",47.46979,46.29844,0,1.17135
2024-12-06 13:00:00,2024-12-06 13:15:00,"REAL_TIME_15_MIN","SNTARSA_1_N006","Node",46.26603,46.29844,0,-0.03241
2024-12-06 13:00:00,2024-12-06 13:15:00,"REAL_TIME_15_MIN","SNTAYNZ_1_N001","Node",46.99755,46.29844,0,0.69911
2024-12-06 13:00:00,2024-12-06 13:15:00,"REAL_TIME_15_MIN","SONMALF_7_B1","Node",47.28923,46.29844,0,0.99079
2024-12-06 13:00:00,2024-12-06 13:15:00,"REAL_TIME_15_MIN","SPRINGVL_6_N004","Node",45.28913,46.29844,0,-1.00931
2024-12-06 13:00:00,2024-12-06 13:15:00,"REAL_TIME_15_MIN","STANDFD2_1_N011","Node",46.76727,46.29844,0.0012,0.46763
2024-12-06 13:00:00,2024-12-06 13:15:00,"REAL_TIME_15_MIN","STATIND_1_N001","Node",47.01144,46.29844,0,0.713
2024-12-06 13:00:00,2024-12-06 13:15:00,"REAL_TIME_15_MIN","STATINX_1_N001","Node",47.00681,46.29844,0,0.70837
2024-12-06 13:00:00,2024-12-06 13:15:00,"REAL_TIME_15_MIN","STAUFER_7_B1","Node",47.20126,46.29844,0,0.90282
2024-12-06 13:00:00,2024-12-06 13:15:00,"REAL_TIME_15_MIN","STELLING_1_N001","Node",46.90495,46.29844,0,0.60651
2024-12-06 13:00:00,2024-12-06 13:15:00,"REAL_TIME_15_MIN","STLLWATR_6_N001","Node",45.03912,46.29844,0,-1.25932
2024-12-06 13:00:00,2024-12-06 13:15:00,"REAL_TIME_15_MIN","STMARIA_7_N101","Node",46.65031,46.29844,0,0.35187
2024-12-06 13:00:00,2024-12-06 13:15:00,"REAL_TIME_15_MIN","STONCRRL_6_N001","Node",48.50688,46.29844,0,2.20844
2024-12-06 13:00:00,2024-12-06 13:15:00,"REAL_TIME_15_MIN","STOREY2_2_N001","Node",47.37256,46.29844,0,1.07412
2024-12-06 13:00:00,2024-12-06 13:15:00,"REAL_TIME_15_MIN","SUISUN_1_N001","Node",46.21047,46.29844,0,-0.08797
2024-12-06 13:00:00,2024-12-06 13:15:00,"REAL_TIME_15_MIN","SUMMIT3_6_N101","Node",157.81778,46.29844,122.52577,0.28357
2024-12-06 13:00:00,2024-12-06 13:15:00,"REAL_TIME_15_MIN","SYLMARDC_2_N501","Node",34.26391,46.29844,-0.0024,-0.74213
2024-12-06 13:00:00,2024-12-06 13:15:00,"REAL_TIME_15_MIN","TAFT1_1_B1","Node",44.55299,46.29844,0,-1.74545
2024-12-06 13:00:00,2024-12-06 13:15:00,"REAL_TIME_15_MIN","TAMARISK_1_N001","Node",45.31228,46.29844,0,-0.98616
2024-12-06 13:00:00,2024-12-06 13:15:00,"REAL_TIME_15_MIN","TAP78_6_B1","Node",45.3308,46.29844,0,-0.96764
2024-12-06 13:00:00,2024-12-06 13:15:00,"REAL_TIME_15_MIN","TAP817_1_B1","Node",45.32154,46.29844,0,-0.9769
2024-12-06 13:00:00,2024-12-06 13:15:00,"REAL_TIME_15_MIN","TESSUB_2_N001","Node",46.9744,46.29844,0,0.67596
2024-12-06 13:00:00,2024-12-06 13:15:00,"REAL_TIME_15_MIN","THORNHIL_1_N001","Node",45.60859,46.29844,0,-0.68985
2024-12-06 13:00:00,2024-12-06 13:15:00,"REAL_TIME_15_MIN","TORTILLA_1_N007","Node",45.27524,46.29844,0,-1.0232
2024-12-06 13:00:00,2024-12-06 13:15:00,"REAL_TIME_15_MIN","TRABUCO_1_N001","Node",46.18269,46.29844,0,-0.11575
2024-12-06 13:00:00,2024-12-06 13:15:00,"REAL_TIME_15_MIN","TRACY_1_N001","Node",46.24288,46.29844,0,-0.05556
2024-12-06 13:00:00,2024-12-06 13:15:00,"REAL_TIME_15_MIN","TRINIDAD_6_N001","Node",50.57179,46.29844,0,4.27335
2024-12-06 13:00:00,2024-12-06 13:15:00,"REAL_TIME_15_MIN","UALTAP_1_B1","Node",47.32164,46.29844,0,1.0232
2024-12-06 13:00:00,2024-12-06 13:15:00,"REAL_TIME_15_MIN","URBAN_6_N001","Node",45.63174,46.29844,0,-0.6667
2024-12-06 13:00:00,2024-12-06 13:15:00,"REAL_TIME_15_MIN","VACAVIL_1_N101","Node",45.3771,46.29844,0,-0.92134
2024-12-06 13:00:00,2024-12-06 13:15:00,"REAL_TIME_15_MIN","VALLEYSC_1_N001","Node",45.50674,46.29844,0,-0.7917
2024-12-06 13:00:00,2024-12-06 13:15:00,"REAL_TIME_15_MIN","VALLEYSC_5_B1","Node",45.50211,46.29844,0,-0.79633
2024-12-06 13:00:00,2024-12-06 13:15:00,"REAL_TIME_15_MIN","VICTOR_2_B1","Node",45.19654,46.29844,0,-1.1019
2024-12-06 13:00:00,2024-12-06 13:15:00,"REAL_TIME_15_MIN","VINCENT_5_B1","Node",45.38636,46.29844,0,-0.91208
2024-12-06 13:00:00,2024-12-06 13:15:00,"REAL_TIME_15_MIN","VSTA_1_B1","Node",45.87712,46.29844,0,-0.42132
2024-12-06 13:00:00,2024-12-06 13:15:00,"REAL_TIME_15_MIN","VSTA_2_B1","Node",45.78453,46.29844,0,-0.51391
2024-12-06 13:00:00,2024-12-06 13:15:00,"REAL_TIME_15_MIN","VSTA_6_N008","Node",45.79379,46.29844,0,-0.50465
2024-12-06 13:00:00,2024-12-06 13:15:00,"REAL_TIME_15_MIN","WAHTOKE_1_N001","Node",47.42812,46.29844,0,1.12968
2024-12-06 13:00:00,2024-12-06 13:15:00,"REAL_TIME_15_MIN","WALNUT_6_N001","Node",45.9512,46.29844,0,-0.34724
2024-12-06 13:00:00,2024-12-06 13:15:00,"REAL_TIME_15_MIN","WARNERVL_2_B1","Node",46.64568,46.29844,0,0.34724
2024-12-06 13:00:00,2024-12-06 13:15:00,"REAL_TIME_15_MIN","WESTWING_5_N501","Node",34.3141,46.29844,-0.0012,-0.69314
2024-12-06 13:00:00,2024-12-06 13:15:00,"REAL_TIME_15_MIN","WHEATLND_6_N001","Node",54.21777,46.29844,8.40546,-0.48613
2024-12-06 13:00:00,2024-12-06 13:15:00,"REAL_TIME_15_MIN","WHISMAN_1_N001","Node",47.01144,46.29844,0,0.713
2024-12-06 13:00:00,2024-12-06 13:15:00,"REAL_TIME_15_MIN","WILLITS_6_N001","Node",47.58554,46.29844,0,1.2871
2024-12-06 13:00:00,2024-12-06 13:15:00,"REAL_TIME_15_MIN","WILLOWS_6_N001","Node",44.67336,46.29844,0,-1.62508
2024-12-06 13:00:00,2024-12-06 13:15:00,"REAL_TIME_15_MIN","WOODLD_1_N001","Node",129.0144,46.29844,82.43818,0.27779
2024-12-06 13:00:00,2024-12-06 13:15:00,"REAL_TIME_15_MIN","WSCRMNO_1_N004","Node",86.2117,46.29844,39.44101,0.47224
